{"cameraMode":{"drawMode":0,"name":"Shaded","section":"Shading Mode"},"sceneLighting":true,"audioPlay":false,"sceneViewState":{"m_AlwaysRefresh":false,"showFog":true,"showSkybox":true,"showFlares":true,"showImageEffects":true,"showParticleSystems":true,"showVisualEffectGraphs":true,"m_FxEnabled":true},"in2DMode":false,"pivot":{"x":50.426048278808597,"y":15.80479621887207,"z":10.223184585571289},"rotation":{"x":0.011688833124935627,"y":0.015595574863255024,"z":0.00018280096992384642,"w":-0.9998144507408142},"size":30.451900482177736,"orthographic":false}